"Dataset","Categories"
"1","DataEnvironmentalBrightness","DataPhysiologicalSigns","DataElectronicLocks","DataIntrusionDetection","DataUserHabits","DataDevicesDetectShots","DataDisasterAlerts","DataQualityProduct","DataHighFalantes","DataSound","DataUseLaptops","DataPCsUsage","DataSecurityAlarms","DataVehicleStops","DataEnvironmentalTemperature","DataHouseTemperature","DataMonitoringCamera","DataIrrigationAutomation","DataProductsLocation","DataResidentialMovement","DataCrowdsPeople","DataSpeedVehicles","DataVehicleLocation","DataDangerousGoods","DataPresence","DataDoor","DataVideoSurveillance","DataVitalFunctionsMonitoring","DataFacialRecognitionSmartCameras","DataIrrigation","DataSmartSensing","DataAnimalHealth","DataDistanceOtherVehicles","DataAccessManagement","DataVehicleSpeedControl","DataCorporateAreaNetworks","DataVehicleDriverPresence","DataMonitoringPlantations","DataHouseLocation","DataIndustrialProduction","DataCellPhoneUsage","DataSecurityCameras","DataConditionElderly","DataSmartBeds","DataSleepMonitoring","DataPhysicalExercises","DataAutomationLighting","DataRealTimeLocation"
"2","DataEnvironmentalBrightness","DataPhysiologicalSigns","DataIntrusionDetection","DataUserHabits","DataDevicesDetectShots","DataDisasterAlerts","DataHighFalantes","DataSound","DataUseLaptops","DataPCsUsage","DataSecurityAlarms","DataEnvironmentalTemperature","DataHouseTemperature","DataMonitoringCamera","DataIrrigationAutomation","DataProductsLocation","DataResidentialMovement","DataCrowdsPeople","DataSpeedVehicles","DataVehicleLocation","DataDangerousGoods","DataPresence","DataDoor","DataVideoSurveillance","DataVitalFunctionsMonitoring","DataFacialRecognitionSmartCameras","DataIrrigation","DataSmartSensing","DataAnimalHealth","DataDistanceOtherVehicles","DataAccessManagement","DataVehicleSpeedControl","DataCorporateAreaNetworks","DataVehicleDriverPresence","DataMonitoringPlantations","DataHouseLocation","DataCellPhoneUsage","DataSecurityCameras","DataConditionElderly","DataSmartBeds","DataSleepMonitoring","DataPhysicalExercises","DataAutomationLighting","DataRealTimeLocation"
"3","DataEnvironmentalBrightness","DataPhysiologicalSigns","DataIntrusionDetection","DataUserHabits","DataDevicesDetectShots","DataDisasterAlerts","DataQualityProduct","DataHighFalantes","DataSound","DataUseLaptops","DataPCsUsage","DataSecurityAlarms","DataVehicleStops","DataEnvironmentalTemperature","DataHouseTemperature","DataMonitoringCamera","DataIrrigationAutomation","DataProductsLocation","DataResidentialMovement","DataCrowdsPeople","DataSpeedVehicles","DataVehicleLocation","DataDangerousGoods","DataPresence","DataDoor","DataVitalFunctionsMonitoring","DataVideoSurveillance","DataFacialRecognitionSmartCameras","DataSmartSensing","DataDistanceOtherVehicles","DataAccessManagement","DataVehicleSpeedControl","DataCorporateAreaNetworks","DataVehicleDriverPresence","DataMonitoringPlantations","DataHouseLocation","DataIndustrialProduction","DataCellPhoneUsage","DataConditionElderly","DataSecurityCameras","DataSmartBeds","DataPhysicalExercises","DataAutomationLighting","DataRealTimeLocation"
"4","DataEnvironmentalBrightness","DataPhysiologicalSigns","DataIntrusionDetection","DataUserHabits","DataDevicesDetectShots","DataDisasterAlerts","DataQualityProduct","DataHighFalantes","DataSound","DataUseLaptops","DataPCsUsage","DataSecurityAlarms","DataVehicleStops","DataEnvironmentalTemperature","DataHouseTemperature","DataMonitoringCamera","DataIrrigationAutomation","DataProductsLocation","DataResidentialMovement","DataCrowdsPeople","DataSpeedVehicles","DataVehicleLocation","DataDangerousGoods","DataPresence","DataDoor","DataVideoSurveillance","DataVitalFunctionsMonitoring","DataFacialRecognitionSmartCameras","DataIrrigation","DataSmartSensing","DataAnimalHealth","DataDistanceOtherVehicles","DataVehicleSpeedControl","DataCorporateAreaNetworks","DataVehicleDriverPresence","DataMonitoringPlantations","DataHouseLocation","DataIndustrialProduction","DataCellPhoneUsage","DataSecurityCameras","DataConditionElderly","DataSmartBeds","DataSleepMonitoring","DataPhysicalExercises","DataAutomationLighting","DataRealTimeLocation"
"5","DataEnvironmentalBrightness","DataPhysiologicalSigns","DataElectronicLocks","DataIntrusionDetection","DataUserHabits","DataDevicesDetectShots","DataDisasterAlerts","DataQualityProduct","DataHighFalantes","DataSound","DataUseLaptops","DataPCsUsage","DataSecurityAlarms","DataVehicleStops","DataEnvironmentalTemperature","DataHouseTemperature","DataMonitoringCamera","DataIrrigationAutomation","DataProductsLocation","DataResidentialMovement","DataCrowdsPeople","DataSpeedVehicles","DataVehicleLocation","DataDangerousGoods","DataPresence","DataDoor","DataVitalFunctionsMonitoring","DataVideoSurveillance","DataFacialRecognitionSmartCameras","DataSmartSensing","DataDistanceOtherVehicles","DataAccessManagement","DataVehicleSpeedControl","DataCorporateAreaNetworks","DataVehicleDriverPresence","DataMonitoringPlantations","DataHouseLocation","DataIndustrialProduction","DataCellPhoneUsage","DataConditionElderly","DataSecurityCameras","DataSmartBeds","DataPhysicalExercises","DataAutomationLighting","DataRealTimeLocation"
"6","DataPhysiologicalSigns","DataElectronicLocks","DataIntrusionDetection","DataUserHabits","DataDevicesDetectShots","DataDisasterAlerts","DataQualityProduct","DataHighFalantes","DataSound","DataSecurityAlarms","DataVehicleStops","DataEnvironmentalTemperature","DataHouseTemperature","DataMonitoringCamera","DataIrrigationAutomation","DataProductsLocation","DataResidentialMovement","DataCrowdsPeople","DataSpeedVehicles","DataVehicleLocation","DataDangerousGoods","DataPresence","DataDoor","DataVideoSurveillance","DataVitalFunctionsMonitoring","DataFacialRecognitionSmartCameras","DataIrrigation","DataSmartSensing","DataAnimalHealth","DataDistanceOtherVehicles","DataAccessManagement","DataVehicleSpeedControl","DataCorporateAreaNetworks","DataVehicleDriverPresence","DataMonitoringPlantations","DataHouseLocation","DataCellPhoneUsage","DataSecurityCameras","DataConditionElderly","DataSmartBeds","DataSleepMonitoring","DataPhysicalExercises","DataAutomationLighting","DataRealTimeLocation"
"7","DataPhysiologicalSigns","DataIntrusionDetection","DataUserHabits","DataDevicesDetectShots","DataDisasterAlerts","DataSecurityAlarms","DataVehicleStops","DataEnvironmentalTemperature","DataHouseTemperature","DataMonitoringCamera","DataIrrigationAutomation","DataProductsLocation","DataResidentialMovement","DataCrowdsPeople","DataSpeedVehicles","DataVehicleLocation","DataDangerousGoods","DataPresence","DataDoor","DataVideoSurveillance","DataVitalFunctionsMonitoring","DataFacialRecognitionSmartCameras","DataIrrigation","DataSmartSensing","DataAnimalHealth","DataDistanceOtherVehicles","DataAccessManagement","DataCorporateAreaNetworks","DataVehicleDriverPresence","DataMonitoringPlantations","DataHouseLocation","DataIndustrialProduction","DataCellPhoneUsage","DataSecurityCameras","DataConditionElderly","DataSmartBeds","DataSleepMonitoring","DataPhysicalExercises","DataAutomationLighting","DataRealTimeLocation"
"8","DataVideoSurveillance","DataFacialRecognitionSmartCameras","DataDevicesDetectShots","DataSmartSensing","DataDisasterAlerts","DataQualityProduct","DataCorporateAreaNetworks","DataEnvironmentalTemperature","DataHouseTemperature","DataMonitoringCamera","DataProductsLocation","DataHouseLocation","DataSecurityCameras","DataVehicleLocation","DataSmartBeds","DataDangerousGoods","DataDoor","DataRealTimeLocation"
"9","DataEnvironmentalBrightness","DataPhysiologicalSigns","DataIntrusionDetection","DataUserHabits","DataDevicesDetectShots","DataDisasterAlerts","DataHighFalantes","DataSound","DataSecurityAlarms","DataVehicleStops","DataEnvironmentalTemperature","DataHouseTemperature","DataMonitoringCamera","DataIrrigationAutomation","DataProductsLocation","DataResidentialMovement","DataCrowdsPeople","DataSpeedVehicles","DataVehicleLocation","DataDangerousGoods","DataPresence","DataDoor","DataVideoSurveillance","DataVitalFunctionsMonitoring","DataFacialRecognitionSmartCameras","DataIrrigation","DataSmartSensing","DataAnimalHealth","DataDistanceOtherVehicles","DataAccessManagement","DataCorporateAreaNetworks","DataVehicleDriverPresence","DataMonitoringPlantations","DataHouseLocation","DataIndustrialProduction","DataCellPhoneUsage","DataSecurityCameras","DataConditionElderly","DataSmartBeds","DataSleepMonitoring","DataPhysicalExercises","DataAutomationLighting","DataRealTimeLocation"
"10","DataVideoSurveillance","DataFacialRecognitionSmartCameras","DataSmartSensing","DataDevicesDetectShots","DataVehicleStops","DataMonitoringCamera","DataProductsLocation","DataHouseLocation","DataCellPhoneUsage","DataSpeedVehicles","DataSecurityCameras","DataVehicleLocation","DataSmartBeds","DataPhysicalExercises","DataRealTimeLocation"
"11","DataElectronicLocks","DataIntrusionDetection","DataUserHabits","DataDevicesDetectShots","DataDisasterAlerts","DataSecurityAlarms","DataVehicleStops","DataEnvironmentalTemperature","DataHouseTemperature","DataMonitoringCamera","DataIrrigationAutomation","DataProductsLocation","DataResidentialMovement","DataCrowdsPeople","DataSpeedVehicles","DataVehicleLocation","DataPresence","DataDoor","DataVideoSurveillance","DataFacialRecognitionSmartCameras","DataSmartSensing","DataDistanceOtherVehicles","DataAccessManagement","DataCorporateAreaNetworks","DataVehicleDriverPresence","DataHouseLocation","DataIndustrialProduction","DataCellPhoneUsage","DataSecurityCameras","DataSmartBeds","DataPhysicalExercises","DataAutomationLighting","DataRealTimeLocation"
"12","DataEnvironmentalBrightness","DataPhysiologicalSigns","DataVideoSurveillance","DataVitalFunctionsMonitoring","DataFacialRecognitionSmartCameras","DataIntrusionDetection","DataSmartSensing","DataSecurityAlarms","DataAccessManagement","DataVehicleDriverPresence","DataMonitoringCamera","DataMonitoringPlantations","DataResidentialMovement","DataCrowdsPeople","DataConditionElderly","DataSecurityCameras","DataSmartBeds","DataPhysicalExercises","DataPresence"
"13","DataPublicTransportationSystem","DataTrafficCongestion","DataCommunicationVehicleVehicle","DataSocketsUse","DataIntrusionDetection","DataUserHabits","DataDevicesDetectShots","DataHighFalantes","DataSound","DataQueryScreens","DataCommunicationVehicleInfrastructure","DataSecurityAlarms","DataVehicleStops","DataMonitoringCamera","DataIrrigationAutomation","DataProductsLocation","DataVehicleEngine","DataIndustrialManagement","DataResidentialMovement","DataCrowdsPeople","DataVehicleLocation","DataSpeedVehicles","DataPresence","DataParkingAvailableSpaces","DataVideoSurveillance","DataFacialRecognitionSmartCameras","DataSmartSensing","DataDistanceOtherVehicles","DataAccessManagement","DataVehicleSpeedControl","DataVehicleDriverPresence","DataHouseLocation","DataIndustrialProduction","DataCellPhoneUsage","DataConditionElderly","DataSecurityCameras","DataSmartBeds","DataPhysicalExercises","DataAutomationLighting","DataRealTimeLocation"
"14","DataPublicTransportationSystem","DataTrafficCongestion","DataCommunicationVehicleVehicle","DataSocketsUse","DataIntrusionDetection","DataUserHabits","DataQueryScreens","DataCommunicationVehicleInfrastructure","DataSecurityAlarms","DataVehicleStops","DataMonitoringCamera","DataIrrigationAutomation","DataProductsLocation","DataVehicleEngine","DataIndustrialManagement","DataResidentialMovement","DataCrowdsPeople","DataVehicleLocation","DataSpeedVehicles","DataPresence","DataParkingAvailableSpaces","DataVideoSurveillance","DataFacialRecognitionSmartCameras","DataSmartSensing","DataDistanceOtherVehicles","DataVehicleSpeedControl","DataVehicleDriverPresence","DataHouseLocation","DataIndustrialProduction","DataCellPhoneUsage","DataConditionElderly","DataSecurityCameras","DataSmartBeds","DataPhysicalExercises","DataAutomationLighting","DataRealTimeLocation"
"15","DataPublicTransportationSystem","DataTrafficCongestion","DataCommunicationVehicleVehicle","DataSocketsUse","DataIntrusionDetection","DataUserHabits","DataDevicesDetectShots","DataHighFalantes","DataSound","DataQueryScreens","DataCommunicationVehicleInfrastructure","DataSecurityAlarms","DataVehicleStops","DataMonitoringCamera","DataIrrigationAutomation","DataProductsLocation","DataVehicleEngine","DataIndustrialManagement","DataResidentialMovement","DataCrowdsPeople","DataVehicleLocation","DataSpeedVehicles","DataPresence","DataParkingAvailableSpaces","DataVideoSurveillance","DataFacialRecognitionSmartCameras","DataSmartSensing","DataDistanceOtherVehicles","DataAccessManagement","DataVehicleSpeedControl","DataVehicleDriverPresence","DataHouseLocation","DataIndustrialProduction","DataCellPhoneUsage","DataConditionElderly","DataSecurityCameras","DataSmartBeds","DataPhysicalExercises","DataAutomationLighting","DataRealTimeLocation"
"16","DataPublicTransportationSystem","DataTrafficCongestion","DataCommunicationVehicleVehicle","DataSocketsUse","DataIntrusionDetection","DataUserHabits","DataQueryScreens","DataCommunicationVehicleInfrastructure","DataSecurityAlarms","DataVehicleStops","DataMonitoringCamera","DataIrrigationAutomation","DataProductsLocation","DataVehicleEngine","DataIndustrialManagement","DataResidentialMovement","DataCrowdsPeople","DataVehicleLocation","DataSpeedVehicles","DataPresence","DataParkingAvailableSpaces","DataVideoSurveillance","DataFacialRecognitionSmartCameras","DataSmartSensing","DataDistanceOtherVehicles","DataVehicleSpeedControl","DataVehicleDriverPresence","DataHouseLocation","DataIndustrialProduction","DataCellPhoneUsage","DataConditionElderly","DataSecurityCameras","DataSmartBeds","DataPhysicalExercises","DataAutomationLighting","DataRealTimeLocation"
"17","DataPublicTransportationSystem","DataTrafficCongestion","DataCommunicationVehicleVehicle","DataSocketsUse","DataIntrusionDetection","DataUserHabits","DataDevicesDetectShots","DataHighFalantes","DataSound","DataQueryScreens","DataCommunicationVehicleInfrastructure","DataSecurityAlarms","DataVehicleStops","DataMonitoringCamera","DataIrrigationAutomation","DataProductsLocation","DataVehicleEngine","DataIndustrialManagement","DataResidentialMovement","DataCrowdsPeople","DataVehicleLocation","DataSpeedVehicles","DataPresence","DataParkingAvailableSpaces","DataVideoSurveillance","DataFacialRecognitionSmartCameras","DataSmartSensing","DataDistanceOtherVehicles","DataVehicleSpeedControl","DataVehicleDriverPresence","DataHouseLocation","DataIndustrialProduction","DataCellPhoneUsage","DataConditionElderly","DataSecurityCameras","DataSmartBeds","DataPhysicalExercises","DataAutomationLighting","DataRealTimeLocation"
"18","DataPublicTransportationSystem","DataTrafficCongestion","DataCommunicationVehicleVehicle","DataSocketsUse","DataIntrusionDetection","DataUserHabits","DataDevicesDetectShots","DataHighFalantes","DataSound","DataQueryScreens","DataCommunicationVehicleInfrastructure","DataSecurityAlarms","DataVehicleStops","DataMonitoringCamera","DataIrrigationAutomation","DataProductsLocation","DataVehicleEngine","DataIndustrialManagement","DataResidentialMovement","DataCrowdsPeople","DataVehicleLocation","DataSpeedVehicles","DataPresence","DataParkingAvailableSpaces","DataVideoSurveillance","DataFacialRecognitionSmartCameras","DataSmartSensing","DataDistanceOtherVehicles","DataAccessManagement","DataVehicleSpeedControl","DataVehicleDriverPresence","DataHouseLocation","DataIndustrialProduction","DataCellPhoneUsage","DataConditionElderly","DataSecurityCameras","DataSmartBeds","DataPhysicalExercises","DataAutomationLighting","DataRealTimeLocation"
"19","DataPublicTransportationSystem","DataTrafficCongestion","DataCommunicationVehicleVehicle","DataSocketsUse","DataIntrusionDetection","DataUserHabits","DataDevicesDetectShots","DataHighFalantes","DataSound","DataQueryScreens","DataCommunicationVehicleInfrastructure","DataSecurityAlarms","DataVehicleStops","DataMonitoringCamera","DataIrrigationAutomation","DataProductsLocation","DataVehicleEngine","DataIndustrialManagement","DataResidentialMovement","DataCrowdsPeople","DataVehicleLocation","DataSpeedVehicles","DataPresence","DataParkingAvailableSpaces","DataVideoSurveillance","DataFacialRecognitionSmartCameras","DataSmartSensing","DataDistanceOtherVehicles","DataAccessManagement","DataVehicleSpeedControl","DataVehicleDriverPresence","DataHouseLocation","DataIndustrialProduction","DataCellPhoneUsage","DataConditionElderly","DataSecurityCameras","DataSmartBeds","DataPhysicalExercises","DataAutomationLighting","DataRealTimeLocation"
"20","DataPublicTransportationSystem","DataTrafficCongestion","DataSocketsUse","DataIntrusionDetection","DataUserHabits","DataDevicesDetectShots","DataHighFalantes","DataSound","DataQueryScreens","DataCommunicationVehicleInfrastructure","DataSecurityAlarms","DataVehicleStops","DataMonitoringCamera","DataIrrigationAutomation","DataProductsLocation","DataVehicleEngine","DataIndustrialManagement","DataResidentialMovement","DataCrowdsPeople","DataSpeedVehicles","DataVehicleLocation","DataPresence","DataParkingAvailableSpaces","DataVideoSurveillance","DataFacialRecognitionSmartCameras","DataSmartSensing","DataDistanceOtherVehicles","DataAccessManagement","DataVehicleSpeedControl","DataVehicleDriverPresence","DataHouseLocation","DataIndustrialProduction","DataCellPhoneUsage","DataConditionElderly","DataSecurityCameras","DataSmartBeds","DataPhysicalExercises","DataAutomationLighting","DataRealTimeLocation"
"21","DataTrafficCongestion","DataCommunicationVehicleVehicle","DataIntrusionDetection","DataUserHabits","DataDevicesDetectShots","DataHighFalantes","DataSound","DataQueryScreens","DataCommunicationVehicleInfrastructure","DataSecurityAlarms","DataVehicleStops","DataMonitoringCamera","DataIrrigationAutomation","DataProductsLocation","DataResidentialMovement","DataCrowdsPeople","DataVehicleLocation","DataSpeedVehicles","DataPresence","DataParkingAvailableSpaces","DataVideoSurveillance","DataFacialRecognitionSmartCameras","DataSmartSensing","DataDistanceOtherVehicles","DataAccessManagement","DataVehicleSpeedControl","DataVehicleDriverPresence","DataHouseLocation","DataIndustrialProduction","DataCellPhoneUsage","DataConditionElderly","DataSecurityCameras","DataSmartBeds","DataPhysicalExercises","DataAutomationLighting","DataRealTimeLocation"
"22","DataPublicTransportationSystem","DataTrafficCongestion","DataCommunicationVehicleVehicle","DataIntrusionDetection","DataUserHabits","DataDevicesDetectShots","DataHighFalantes","DataSound","DataQueryScreens","DataCommunicationVehicleInfrastructure","DataSecurityAlarms","DataVehicleStops","DataMonitoringCamera","DataIrrigationAutomation","DataProductsLocation","DataResidentialMovement","DataCrowdsPeople","DataVehicleLocation","DataSpeedVehicles","DataPresence","DataParkingAvailableSpaces","DataVideoSurveillance","DataFacialRecognitionSmartCameras","DataSmartSensing","DataDistanceOtherVehicles","DataAccessManagement","DataVehicleSpeedControl","DataVehicleDriverPresence","DataHouseLocation","DataIndustrialProduction","DataCellPhoneUsage","DataSecurityCameras","DataSmartBeds","DataPhysicalExercises","DataAutomationLighting","DataRealTimeLocation"
"23","DataTrafficCongestion","DataCommunicationVehicleVehicle","DataIntrusionDetection","DataDevicesDetectShots","DataHighFalantes","DataSound","DataCommunicationVehicleInfrastructure","DataVehicleStops","DataMonitoringCamera","DataProductsLocation","DataIndustrialManagement","DataResidentialMovement","DataCrowdsPeople","DataVehicleLocation","DataSpeedVehicles","DataPresence","DataVideoSurveillance","DataFacialRecognitionSmartCameras","DataDistanceOtherVehicles","DataAccessManagement","DataVehicleSpeedControl","DataVehicleDriverPresence","DataHouseLocation","DataIndustrialProduction","DataCellPhoneUsage","DataConditionElderly","DataSecurityCameras","DataSmartBeds","DataPhysicalExercises","DataRealTimeLocation"
"24","DataPublicTransportationSystem","DataTrafficCongestion","DataCommunicationVehicleVehicle","DataSocketsUse","DataIntrusionDetection","DataDevicesDetectShots","DataHighFalantes","DataSound","DataQueryScreens","DataCommunicationVehicleInfrastructure","DataVehicleStops","DataMonitoringCamera","DataProductsLocation","DataIndustrialManagement","DataResidentialMovement","DataCrowdsPeople","DataVehicleLocation","DataSpeedVehicles","DataPresence","DataParkingAvailableSpaces","DataVideoSurveillance","DataFacialRecognitionSmartCameras","DataDistanceOtherVehicles","DataAccessManagement","DataVehicleSpeedControl","DataVehicleDriverPresence","DataHouseLocation","DataCellPhoneUsage","DataConditionElderly","DataSecurityCameras","DataSmartBeds","DataPhysicalExercises","DataRealTimeLocation"
"25","DataTrafficCongestion","DataPowerEnergy","DataEnergyStorage","DataEnergyConsumption","DataEnergyTransmission","DataVehicleSpeedControl","DataProductsLocation","DataConnectedDevicesEnergy","DataIndustrialManagement","DataConditionElderly","DataSpeedVehicles","DataVehicleLocation","DataPhysicalExercises","DataEnergyGeneration","DataRealTimeLocation"
"26","DataTrafficCongestion","DataPowerEnergy","DataEnergyStorage","DataEnergyConsumption","DataEnergyTransmission","DataVehicleSpeedControl","DataProductsLocation","DataConnectedDevicesEnergy","DataIndustrialManagement","DataConditionElderly","DataSpeedVehicles","DataVehicleLocation","DataPhysicalExercises","DataEnergyGeneration","DataRealTimeLocation"
"27","DataTrafficCongestion","DataPowerEnergy","DataEnergyStorage","DataEnergyConsumption","DataEnergyTransmission","DataVehicleSpeedControl","DataProductsLocation","DataConnectedDevicesEnergy","DataIndustrialManagement","DataConditionElderly","DataSpeedVehicles","DataVehicleLocation","DataPhysicalExercises","DataEnergyGeneration","DataRealTimeLocation"
"28","DataTrafficCongestion","DataPowerEnergy","DataEnergyStorage","DataEnergyConsumption","DataEnergyTransmission","DataVehicleSpeedControl","DataProductsLocation","DataConnectedDevicesEnergy","DataIndustrialManagement","DataConditionElderly","DataSpeedVehicles","DataVehicleLocation","DataPhysicalExercises","DataEnergyGeneration","DataRealTimeLocation"
"29","DataTrafficCongestion","DataPowerEnergy","DataEnergyStorage","DataEnergyConsumption","DataEnergyTransmission","DataVehicleSpeedControl","DataProductsLocation","DataConnectedDevicesEnergy","DataIndustrialManagement","DataConditionElderly","DataSpeedVehicles","DataVehicleLocation","DataPhysicalExercises","DataEnergyGeneration","DataRealTimeLocation"
"30","DataTrafficCongestion","DataPowerEnergy","DataEnergyStorage","DataEnergyConsumption","DataEnergyTransmission","DataVehicleSpeedControl","DataProductsLocation","DataConnectedDevicesEnergy","DataIndustrialManagement","DataConditionElderly","DataSpeedVehicles","DataVehicleLocation","DataPhysicalExercises","DataEnergyGeneration","DataRealTimeLocation"
"31","DataTrafficCongestion","DataPowerEnergy","DataEnergyStorage","DataEnergyConsumption","DataEnergyTransmission","DataVehicleSpeedControl","DataProductsLocation","DataIndustrialManagement","DataConditionElderly","DataSpeedVehicles","DataVehicleLocation","DataPhysicalExercises","DataEnergyGeneration","DataRealTimeLocation"
"32","DataTrafficCongestion","DataPowerEnergy","DataEnergyStorage","DataEnergyConsumption","DataEnergyTransmission","DataVehicleSpeedControl","DataProductsLocation","DataIndustrialManagement","DataConditionElderly","DataSpeedVehicles","DataVehicleLocation","DataPhysicalExercises","DataEnergyGeneration","DataRealTimeLocation"
"33","DataTrafficCongestion","DataPowerEnergy","DataEnergyStorage","DataEnergyConsumption","DataEnergyTransmission","DataVehicleSpeedControl","DataProductsLocation","DataIndustrialManagement","DataConditionElderly","DataSpeedVehicles","DataVehicleLocation","DataPhysicalExercises","DataEnergyGeneration","DataRealTimeLocation"
"34","DataTrafficCongestion","DataPowerEnergy","DataEnergyStorage","DataEnergyConsumption","DataEnergyTransmission","DataVehicleSpeedControl","DataProductsLocation","DataConnectedDevicesEnergy","DataIndustrialManagement","DataConditionElderly","DataSpeedVehicles","DataVehicleLocation","DataPhysicalExercises","DataEnergyGeneration","DataRealTimeLocation"
"35","DataTrafficCongestion","DataPowerEnergy","DataEnergyStorage","DataEnergyConsumption","DataEnergyTransmission","DataVehicleSpeedControl","DataProductsLocation","DataConnectedDevicesEnergy","DataIndustrialManagement","DataConditionElderly","DataSpeedVehicles","DataVehicleLocation","DataPhysicalExercises","DataEnergyGeneration","DataRealTimeLocation"
"36","DataTrafficCongestion","DataPowerEnergy","DataEnergyStorage","DataEnergyConsumption","DataEnergyTransmission","DataVehicleSpeedControl","DataProductsLocation","DataConnectedDevicesEnergy","DataIndustrialManagement","DataConditionElderly","DataSpeedVehicles","DataVehicleLocation","DataPhysicalExercises","DataEnergyGeneration","DataRealTimeLocation"
"37","DataEnvironmentalBrightness","DataVideoSurveillance","DataSocketsUse","DataFacialRecognitionSmartCameras","DataIntrusionDetection","DataDevicesDetectShots","DataThermostatsUse","DataHighFalantes","DataSound","DataQueryScreens","DataUseLaptops","DataPCsUsage","DataSecurityAlarms","DataAccessManagement","DataVehicleSpeedControl","DataEnvironmentalTemperature","DataHouseTemperature","DataMonitoringCamera","DataProductsLocation","DataCellPhoneUsage","DataSecurityCameras","DataUseLights","DataSmartBeds","DataAutomationLighting","DataDoor"
"38","DataEnvironmentalBrightness","DataVideoSurveillance","DataSocketsUse","DataFacialRecognitionSmartCameras","DataIntrusionDetection","DataDevicesDetectShots","DataThermostatsUse","DataHighFalantes","DataSound","DataUseLaptops","DataPCsUsage","DataSecurityAlarms","DataAccessManagement","DataVehicleSpeedControl","DataEnvironmentalTemperature","DataHouseTemperature","DataMonitoringCamera","DataProductsLocation","DataCellPhoneUsage","DataSecurityCameras","DataUseLights","DataSmartBeds","DataAutomationLighting","DataDoor"
"39","DataEnvironmentalBrightness","DataVideoSurveillance","DataSocketsUse","DataFacialRecognitionSmartCameras","DataIntrusionDetection","DataDevicesDetectShots","DataThermostatsUse","DataHighFalantes","DataSound","DataUseLaptops","DataPCsUsage","DataSecurityAlarms","DataAccessManagement","DataVehicleSpeedControl","DataEnvironmentalTemperature","DataHouseTemperature","DataMonitoringCamera","DataProductsLocation","DataCellPhoneUsage","DataSecurityCameras","DataUseLights","DataSmartBeds","DataAutomationLighting","DataDoor"
"40","DataEnvironmentalBrightness","DataVideoSurveillance","DataSocketsUse","DataFacialRecognitionSmartCameras","DataIntrusionDetection","DataDevicesDetectShots","DataThermostatsUse","DataHighFalantes","DataSound","DataQueryScreens","DataUseLaptops","DataPCsUsage","DataSecurityAlarms","DataAccessManagement","DataVehicleSpeedControl","DataEnvironmentalTemperature","DataHouseTemperature","DataMonitoringCamera","DataProductsLocation","DataCellPhoneUsage","DataSecurityCameras","DataUseLights","DataSmartBeds","DataAutomationLighting","DataDoor"
"41","DataEnvironmentalBrightness","DataVideoSurveillance","DataSocketsUse","DataFacialRecognitionSmartCameras","DataIntrusionDetection","DataDevicesDetectShots","DataThermostatsUse","DataHighFalantes","DataSound","DataQueryScreens","DataUseLaptops","DataPCsUsage","DataSecurityAlarms","DataAccessManagement","DataEnvironmentalTemperature","DataHouseTemperature","DataMonitoringCamera","DataProductsLocation","DataCellPhoneUsage","DataSecurityCameras","DataUseLights","DataSmartBeds","DataAutomationLighting","DataDoor"
"42","DataEnvironmentalBrightness","DataVideoSurveillance","DataSocketsUse","DataFacialRecognitionSmartCameras","DataIntrusionDetection","DataDevicesDetectShots","DataThermostatsUse","DataHighFalantes","DataSound","DataUseLaptops","DataPCsUsage","DataSecurityAlarms","DataAccessManagement","DataVehicleSpeedControl","DataEnvironmentalTemperature","DataHouseTemperature","DataMonitoringCamera","DataProductsLocation","DataCellPhoneUsage","DataSecurityCameras","DataUseLights","DataSmartBeds","DataAutomationLighting","DataDoor"
"43","DataEnvironmentalBrightness","DataVideoSurveillance","DataSocketsUse","DataFacialRecognitionSmartCameras","DataIntrusionDetection","DataDevicesDetectShots","DataThermostatsUse","DataHighFalantes","DataSound","DataUseLaptops","DataPCsUsage","DataSecurityAlarms","DataAccessManagement","DataVehicleSpeedControl","DataEnvironmentalTemperature","DataHouseTemperature","DataMonitoringCamera","DataProductsLocation","DataCellPhoneUsage","DataSecurityCameras","DataUseLights","DataSmartBeds","DataAutomationLighting","DataDoor"
"44","DataVideoSurveillance","DataSocketsUse","DataFacialRecognitionSmartCameras","DataIntrusionDetection","DataDevicesDetectShots","DataThermostatsUse","DataHighFalantes","DataSound","DataQueryScreens","DataUseLaptops","DataPCsUsage","DataSecurityAlarms","DataAccessManagement","DataVehicleSpeedControl","DataMonitoringCamera","DataProductsLocation","DataCellPhoneUsage","DataSecurityCameras","DataSmartBeds","DataAutomationLighting","DataDoor"
"45","DataEnvironmentalBrightness","DataVideoSurveillance","DataSocketsUse","DataFacialRecognitionSmartCameras","DataIntrusionDetection","DataDevicesDetectShots","DataThermostatsUse","DataHighFalantes","DataSound","DataQueryScreens","DataUseLaptops","DataPCsUsage","DataSecurityAlarms","DataAccessManagement","DataEnvironmentalTemperature","DataHouseTemperature","DataCellPhoneUsage","DataSecurityCameras","DataUseLights","DataSmartBeds","DataAutomationLighting"
"46","DataEnvironmentalBrightness","DataVideoSurveillance","DataSocketsUse","DataFacialRecognitionSmartCameras","DataIntrusionDetection","DataDevicesDetectShots","DataThermostatsUse","DataHighFalantes","DataSound","DataQueryScreens","DataUseLaptops","DataPCsUsage","DataSecurityAlarms","DataAccessManagement","DataEnvironmentalTemperature","DataHouseTemperature","DataMonitoringCamera","DataProductsLocation","DataCellPhoneUsage","DataSecurityCameras","DataUseLights","DataSmartBeds","DataAutomationLighting","DataDoor"
"47","DataEnvironmentalBrightness","DataVideoSurveillance","DataFacialRecognitionSmartCameras","DataIntrusionDetection","DataDevicesDetectShots","DataThermostatsUse","DataHighFalantes","DataSound","DataQueryScreens","DataUseLaptops","DataPCsUsage","DataSecurityAlarms","DataAccessManagement","DataVehicleSpeedControl","DataEnvironmentalTemperature","DataHouseTemperature","DataProductsLocation","DataCellPhoneUsage","DataSecurityCameras","DataUseLights","DataSmartBeds","DataAutomationLighting","DataDoor"
"48","DataEnvironmentalBrightness","DataVideoSurveillance","DataSocketsUse","DataFacialRecognitionSmartCameras","DataIntrusionDetection","DataDevicesDetectShots","DataThermostatsUse","DataHighFalantes","DataSound","DataQueryScreens","DataUseLaptops","DataPCsUsage","DataSecurityAlarms","DataAccessManagement","DataVehicleSpeedControl","DataEnvironmentalTemperature","DataHouseTemperature","DataMonitoringCamera","DataProductsLocation","DataCellPhoneUsage","DataSecurityCameras","DataUseLights","DataSmartBeds","DataAutomationLighting","DataDoor"
"49","DataEnvironmentalBrightness","DataTrafficCongestion","DataPhysiologicalSigns","DataElectronicLocks","DataCommunicationVehicleVehicle","DataSocketsUse","DataIntrusionDetection","DataUserHabits","DataEnergyConsumption","DataUseLaptops","DataPCsUsage","DataCommunicationVehicleInfrastructure","DataSecurityAlarms","DataVehicleStops","DataVehicleEngine","DataResidentialMovement","DataCrowdsPeople","DataSpeedVehicles","DataPresence","DataPowerEnergy","DataEnergyStorage","DataIrrigation","DataAnimalHealth","DataAccessManagement","DataCorporateAreaNetworks","DataCellPhoneUsage","DataSecurityCameras","DataConditionElderly","DataPhysicalExercises","DataPublicTransportationSystem","DataDevicesDetectShots","DataDisasterAlerts","DataEnvironmentalTemperature","DataHouseTemperature","DataMonitoringCamera","DataIrrigationAutomation","DataConnectedDevicesEnergy","DataVehicleLocation","DataDangerousGoods","DataDoor","DataParkingAvailableSpaces","DataVideoSurveillance","DataVitalFunctionsMonitoring","DataFacialRecognitionSmartCameras","DataSmartSensing","DataThermostatsUse","DataDistanceOtherVehicles","DataEnergyTransmission","DataVehicleSpeedControl","DataVehicleDriverPresence","DataMonitoringPlantations","DataUseLights","DataSmartBeds","DataSleepMonitoring","DataEnergyGeneration","DataAutomationLighting","DataVehicleFuelConsumption"
"50","DataEnvironmentalBrightness","DataTrafficCongestion","DataPhysiologicalSigns","DataElectronicLocks","DataCommunicationVehicleVehicle","DataSocketsUse","DataIntrusionDetection","DataUserHabits","DataEnergyConsumption","DataUseLaptops","DataPCsUsage","DataCommunicationVehicleInfrastructure","DataSecurityAlarms","DataVehicleStops","DataResidentialMovement","DataCrowdsPeople","DataSpeedVehicles","DataPresence","DataPowerEnergy","DataEnergyStorage","DataIrrigation","DataAnimalHealth","DataAccessManagement","DataCorporateAreaNetworks","DataCellPhoneUsage","DataSecurityCameras","DataConditionElderly","DataPhysicalExercises","DataPublicTransportationSystem","DataDevicesDetectShots","DataDisasterAlerts","DataEnvironmentalTemperature","DataHouseTemperature","DataMonitoringCamera","DataIrrigationAutomation","DataConnectedDevicesEnergy","DataVehicleLocation","DataDangerousGoods","DataDoor","DataParkingAvailableSpaces","DataVideoSurveillance","DataVitalFunctionsMonitoring","DataFacialRecognitionSmartCameras","DataSmartSensing","DataThermostatsUse","DataDistanceOtherVehicles","DataEnergyTransmission","DataVehicleSpeedControl","DataVehicleDriverPresence","DataMonitoringPlantations","DataUseLights","DataSmartBeds","DataSleepMonitoring","DataEnergyGeneration","DataAutomationLighting"
"51","DataPublicTransportationSystem","DataEnvironmentalBrightness","DataTrafficCongestion","DataPhysiologicalSigns","DataElectronicLocks","DataSocketsUse","DataIntrusionDetection","DataUserHabits","DataDevicesDetectShots","DataEnergyConsumption","DataDisasterAlerts","DataUseLaptops","DataPCsUsage","DataSecurityAlarms","DataEnvironmentalTemperature","DataHouseTemperature","DataMonitoringCamera","DataIrrigationAutomation","DataConnectedDevicesEnergy","DataResidentialMovement","DataCrowdsPeople","DataDangerousGoods","DataPresence","DataDoor","DataParkingAvailableSpaces","DataPowerEnergy","DataEnergyStorage","DataVideoSurveillance","DataVitalFunctionsMonitoring","DataFacialRecognitionSmartCameras","DataIrrigation","DataSmartSensing","DataAnimalHealth","DataThermostatsUse","DataDistanceOtherVehicles","DataEnergyTransmission","DataAccessManagement","DataCorporateAreaNetworks","DataVehicleDriverPresence","DataMonitoringPlantations","DataCellPhoneUsage","DataSecurityCameras","DataConditionElderly","DataUseLights","DataSmartBeds","DataSleepMonitoring","DataPhysicalExercises","DataEnergyGeneration","DataAutomationLighting"
"52","DataEnvironmentalBrightness","DataPhysiologicalSigns","DataElectronicLocks","DataCommunicationVehicleVehicle","DataSocketsUse","DataIntrusionDetection","DataUserHabits","DataEnergyConsumption","DataUseLaptops","DataPCsUsage","DataCommunicationVehicleInfrastructure","DataSecurityAlarms","DataVehicleStops","DataVehicleEngine","DataResidentialMovement","DataCrowdsPeople","DataSpeedVehicles","DataPresence","DataPowerEnergy","DataEnergyStorage","DataIrrigation","DataAnimalHealth","DataAccessManagement","DataCorporateAreaNetworks","DataCellPhoneUsage","DataSecurityCameras","DataConditionElderly","DataPhysicalExercises","DataDevicesDetectShots","DataDisasterAlerts","DataEnvironmentalTemperature","DataHouseTemperature","DataMonitoringCamera","DataIrrigationAutomation","DataConnectedDevicesEnergy","DataVehicleLocation","DataDangerousGoods","DataDoor","DataParkingAvailableSpaces","DataVideoSurveillance","DataVitalFunctionsMonitoring","DataFacialRecognitionSmartCameras","DataSmartSensing","DataDistanceOtherVehicles","DataThermostatsUse","DataEnergyTransmission","DataVehicleSpeedControl","DataVehicleDriverPresence","DataMonitoringPlantations","DataUseLights","DataSmartBeds","DataSleepMonitoring","DataEnergyGeneration","DataAutomationLighting","DataVehicleFuelConsumption"
"53","DataEnvironmentalBrightness","DataPhysiologicalSigns","DataElectronicLocks","DataCommunicationVehicleVehicle","DataSocketsUse","DataIntrusionDetection","DataUserHabits","DataEnergyConsumption","DataUseLaptops","DataPCsUsage","DataCommunicationVehicleInfrastructure","DataSecurityAlarms","DataVehicleStops","DataVehicleEngine","DataResidentialMovement","DataCrowdsPeople","DataSpeedVehicles","DataPresence","DataPowerEnergy","DataEnergyStorage","DataIrrigation","DataAnimalHealth","DataAccessManagement","DataCorporateAreaNetworks","DataCellPhoneUsage","DataSecurityCameras","DataConditionElderly","DataPhysicalExercises","DataDevicesDetectShots","DataDisasterAlerts","DataEnvironmentalTemperature","DataHouseTemperature","DataMonitoringCamera","DataIrrigationAutomation","DataConnectedDevicesEnergy","DataVehicleLocation","DataDangerousGoods","DataDoor","DataParkingAvailableSpaces","DataVideoSurveillance","DataVitalFunctionsMonitoring","DataFacialRecognitionSmartCameras","DataSmartSensing","DataDistanceOtherVehicles","DataThermostatsUse","DataEnergyTransmission","DataVehicleSpeedControl","DataVehicleDriverPresence","DataMonitoringPlantations","DataUseLights","DataSmartBeds","DataSleepMonitoring","DataEnergyGeneration","DataAutomationLighting","DataVehicleFuelConsumption"
"54","DataEnvironmentalBrightness","DataTrafficCongestion","DataPhysiologicalSigns","DataElectronicLocks","DataCommunicationVehicleVehicle","DataSocketsUse","DataIntrusionDetection","DataUserHabits","DataEnergyConsumption","DataUseLaptops","DataPCsUsage","DataCommunicationVehicleInfrastructure","DataSecurityAlarms","DataVehicleStops","DataResidentialMovement","DataCrowdsPeople","DataSpeedVehicles","DataPresence","DataPowerEnergy","DataEnergyStorage","DataIrrigation","DataAnimalHealth","DataAccessManagement","DataCorporateAreaNetworks","DataCellPhoneUsage","DataSecurityCameras","DataConditionElderly","DataPhysicalExercises","DataPublicTransportationSystem","DataDevicesDetectShots","DataDisasterAlerts","DataEnvironmentalTemperature","DataHouseTemperature","DataMonitoringCamera","DataIrrigationAutomation","DataConnectedDevicesEnergy","DataVehicleLocation","DataDangerousGoods","DataDoor","DataParkingAvailableSpaces","DataVideoSurveillance","DataVitalFunctionsMonitoring","DataFacialRecognitionSmartCameras","DataSmartSensing","DataThermostatsUse","DataDistanceOtherVehicles","DataEnergyTransmission","DataVehicleSpeedControl","DataVehicleDriverPresence","DataMonitoringPlantations","DataUseLights","DataSmartBeds","DataSleepMonitoring","DataEnergyGeneration","DataAutomationLighting"
"55","DataEnvironmentalBrightness","DataTrafficCongestion","DataPhysiologicalSigns","DataCommunicationVehicleVehicle","DataSocketsUse","DataIntrusionDetection","DataUserHabits","DataEnergyConsumption","DataUseLaptops","DataPCsUsage","DataCommunicationVehicleInfrastructure","DataSecurityAlarms","DataVehicleStops","DataResidentialMovement","DataCrowdsPeople","DataSpeedVehicles","DataPresence","DataPowerEnergy","DataEnergyStorage","DataIrrigation","DataAnimalHealth","DataAccessManagement","DataCorporateAreaNetworks","DataCellPhoneUsage","DataSecurityCameras","DataConditionElderly","DataPhysicalExercises","DataPublicTransportationSystem","DataDisasterAlerts","DataEnvironmentalTemperature","DataHouseTemperature","DataMonitoringCamera","DataIrrigationAutomation","DataConnectedDevicesEnergy","DataVehicleLocation","DataDangerousGoods","DataDoor","DataParkingAvailableSpaces","DataVideoSurveillance","DataVitalFunctionsMonitoring","DataFacialRecognitionSmartCameras","DataSmartSensing","DataThermostatsUse","DataDistanceOtherVehicles","DataEnergyTransmission","DataVehicleSpeedControl","DataVehicleDriverPresence","DataMonitoringPlantations","DataUseLights","DataSmartBeds","DataSleepMonitoring","DataEnergyGeneration","DataAutomationLighting"
"56","DataPublicTransportationSystem","DataEnvironmentalBrightness","DataTrafficCongestion","DataElectronicLocks","DataCommunicationVehicleVehicle","DataSocketsUse","DataIntrusionDetection","DataUserHabits","DataDevicesDetectShots","DataEnergyConsumption","DataDisasterAlerts","DataUseLaptops","DataPCsUsage","DataCommunicationVehicleInfrastructure","DataSecurityAlarms","DataVehicleStops","DataEnvironmentalTemperature","DataHouseTemperature","DataMonitoringCamera","DataIrrigationAutomation","DataVehicleEngine","DataConnectedDevicesEnergy","DataResidentialMovement","DataCrowdsPeople","DataVehicleLocation","DataSpeedVehicles","DataPresence","DataParkingAvailableSpaces","DataPowerEnergy","DataEnergyStorage","DataVideoSurveillance","DataFacialRecognitionSmartCameras","DataSmartSensing","DataThermostatsUse","DataDistanceOtherVehicles","DataEnergyTransmission","DataAccessManagement","DataVehicleSpeedControl","DataVehicleDriverPresence","DataCellPhoneUsage","DataSecurityCameras","DataUseLights","DataSmartBeds","DataEnergyGeneration","DataAutomationLighting","DataVehicleFuelConsumption"
"57","DataEnvironmentalBrightness","DataTrafficCongestion","DataPhysiologicalSigns","DataElectronicLocks","DataCommunicationVehicleVehicle","DataSocketsUse","DataIntrusionDetection","DataUserHabits","DataEnergyConsumption","DataUseLaptops","DataPCsUsage","DataCommunicationVehicleInfrastructure","DataSecurityAlarms","DataVehicleStops","DataVehicleEngine","DataResidentialMovement","DataCrowdsPeople","DataSpeedVehicles","DataPresence","DataPowerEnergy","DataEnergyStorage","DataIrrigation","DataAnimalHealth","DataAccessManagement","DataCorporateAreaNetworks","DataCellPhoneUsage","DataSecurityCameras","DataConditionElderly","DataPhysicalExercises","DataPublicTransportationSystem","DataDevicesDetectShots","DataDisasterAlerts","DataEnvironmentalTemperature","DataHouseTemperature","DataMonitoringCamera","DataIrrigationAutomation","DataConnectedDevicesEnergy","DataVehicleLocation","DataDangerousGoods","DataDoor","DataParkingAvailableSpaces","DataVideoSurveillance","DataVitalFunctionsMonitoring","DataFacialRecognitionSmartCameras","DataSmartSensing","DataThermostatsUse","DataDistanceOtherVehicles","DataEnergyTransmission","DataVehicleSpeedControl","DataVehicleDriverPresence","DataMonitoringPlantations","DataUseLights","DataSmartBeds","DataSleepMonitoring","DataEnergyGeneration","DataAutomationLighting","DataVehicleFuelConsumption"
"58","DataEnvironmentalBrightness","DataTrafficCongestion","DataPhysiologicalSigns","DataElectronicLocks","DataCommunicationVehicleVehicle","DataSocketsUse","DataIntrusionDetection","DataUserHabits","DataEnergyConsumption","DataUseLaptops","DataPCsUsage","DataCommunicationVehicleInfrastructure","DataSecurityAlarms","DataVehicleStops","DataVehicleEngine","DataResidentialMovement","DataCrowdsPeople","DataSpeedVehicles","DataPresence","DataPowerEnergy","DataEnergyStorage","DataIrrigation","DataAnimalHealth","DataAccessManagement","DataCorporateAreaNetworks","DataCellPhoneUsage","DataSecurityCameras","DataConditionElderly","DataPhysicalExercises","DataPublicTransportationSystem","DataDevicesDetectShots","DataDisasterAlerts","DataEnvironmentalTemperature","DataHouseTemperature","DataMonitoringCamera","DataIrrigationAutomation","DataConnectedDevicesEnergy","DataVehicleLocation","DataDangerousGoods","DataParkingAvailableSpaces","DataVideoSurveillance","DataVitalFunctionsMonitoring","DataFacialRecognitionSmartCameras","DataSmartSensing","DataThermostatsUse","DataDistanceOtherVehicles","DataEnergyTransmission","DataVehicleSpeedControl","DataVehicleDriverPresence","DataMonitoringPlantations","DataUseLights","DataSmartBeds","DataSleepMonitoring","DataEnergyGeneration","DataAutomationLighting","DataVehicleFuelConsumption"
"59","DataEnvironmentalBrightness","DataTrafficCongestion","DataPhysiologicalSigns","DataCommunicationVehicleVehicle","DataSocketsUse","DataIntrusionDetection","DataUserHabits","DataEnergyConsumption","DataUseLaptops","DataPCsUsage","DataCommunicationVehicleInfrastructure","DataSecurityAlarms","DataVehicleStops","DataResidentialMovement","DataCrowdsPeople","DataSpeedVehicles","DataPresence","DataPowerEnergy","DataEnergyStorage","DataIrrigation","DataAnimalHealth","DataAccessManagement","DataCorporateAreaNetworks","DataCellPhoneUsage","DataSecurityCameras","DataConditionElderly","DataPhysicalExercises","DataPublicTransportationSystem","DataDisasterAlerts","DataEnvironmentalTemperature","DataHouseTemperature","DataMonitoringCamera","DataIrrigationAutomation","DataConnectedDevicesEnergy","DataVehicleLocation","DataDangerousGoods","DataDoor","DataParkingAvailableSpaces","DataVideoSurveillance","DataVitalFunctionsMonitoring","DataFacialRecognitionSmartCameras","DataSmartSensing","DataThermostatsUse","DataDistanceOtherVehicles","DataEnergyTransmission","DataVehicleSpeedControl","DataVehicleDriverPresence","DataMonitoringPlantations","DataUseLights","DataSmartBeds","DataSleepMonitoring","DataEnergyGeneration","DataAutomationLighting"
"60","DataEnvironmentalBrightness","DataElectronicLocks","DataSocketsUse","DataIntrusionDetection","DataUserHabits","DataDevicesDetectShots","DataEnergyConsumption","DataDisasterAlerts","DataUseLaptops","DataPCsUsage","DataSecurityAlarms","DataEnvironmentalTemperature","DataHouseTemperature","DataMonitoringCamera","DataIrrigationAutomation","DataVehicleEngine","DataConnectedDevicesEnergy","DataResidentialMovement","DataCrowdsPeople","DataPresence","DataDoor","DataParkingAvailableSpaces","DataPowerEnergy","DataEnergyStorage","DataVideoSurveillance","DataFacialRecognitionSmartCameras","DataSmartSensing","DataDistanceOtherVehicles","DataThermostatsUse","DataEnergyTransmission","DataAccessManagement","DataVehicleDriverPresence","DataCellPhoneUsage","DataSecurityCameras","DataUseLights","DataSmartBeds","DataEnergyGeneration","DataAutomationLighting","DataVehicleFuelConsumption"
"61","DataUndefined"
"62","DataEnvironmentalBrightness","DataPhysiologicalSigns","DataDisasterAlerts","DataEnvironmentalTemperature","DataHouseTemperature","DataVehicleEngine","DataRelativeHumidityAir","DataDangerousGoods","DataVideoSurveillance","DataVitalFunctionsMonitoring","DataIrrigation","DataSmartSensing","DataAnimalHealth","DataThermostatsUse","DataQualitySoil","DataCorporateAreaNetworks","DataPressureTiresVehicle","DataMonitoringPlantations","DataSecurityCameras","DataConditionElderly","DataUseLights","DataSmartBeds","DataSleepMonitoring","DataPhysicalExercises","DataHumiditySoil","DataAirPressure","DataAutomationLighting","DataVehicleFuelConsumption"
"63","DataEnvironmentalBrightness","DataPhysiologicalSigns","DataDisasterAlerts","DataEnvironmentalTemperature","DataHouseTemperature","DataVehicleEngine","DataRelativeHumidityAir","DataDangerousGoods","DataVideoSurveillance","DataVitalFunctionsMonitoring","DataIrrigation","DataSmartSensing","DataAnimalHealth","DataThermostatsUse","DataQualitySoil","DataCorporateAreaNetworks","DataPressureTiresVehicle","DataMonitoringPlantations","DataSecurityCameras","DataConditionElderly","DataUseLights","DataSmartBeds","DataSleepMonitoring","DataPhysicalExercises","DataHumiditySoil","DataAirPressure","DataAutomationLighting"
"64","DataEnvironmentalBrightness","DataPhysiologicalSigns","DataDisasterAlerts","DataEnvironmentalTemperature","DataHouseTemperature","DataVehicleEngine","DataRelativeHumidityAir","DataDangerousGoods","DataVitalFunctionsMonitoring","DataIrrigation","DataSmartSensing","DataAnimalHealth","DataThermostatsUse","DataQualitySoil","DataCorporateAreaNetworks","DataPressureTiresVehicle","DataMonitoringPlantations","DataConditionElderly","DataUseLights","DataSmartBeds","DataSleepMonitoring","DataPhysicalExercises","DataHumiditySoil","DataAirPressure","DataAutomationLighting","DataVehicleFuelConsumption"
"65","DataEnvironmentalBrightness","DataPhysiologicalSigns","DataDisasterAlerts","DataEnvironmentalTemperature","DataHouseTemperature","DataVehicleEngine","DataRelativeHumidityAir","DataDangerousGoods","DataVitalFunctionsMonitoring","DataIrrigation","DataSmartSensing","DataAnimalHealth","DataThermostatsUse","DataQualitySoil","DataCorporateAreaNetworks","DataPressureTiresVehicle","DataMonitoringPlantations","DataConditionElderly","DataUseLights","DataSmartBeds","DataSleepMonitoring","DataPhysicalExercises","DataHumiditySoil","DataAirPressure","DataAutomationLighting","DataVehicleFuelConsumption"
"66","DataEnvironmentalBrightness","DataPhysiologicalSigns","DataDisasterAlerts","DataEnvironmentalTemperature","DataHouseTemperature","DataVehicleEngine","DataRelativeHumidityAir","DataDangerousGoods","DataVideoSurveillance","DataVitalFunctionsMonitoring","DataIrrigation","DataSmartSensing","DataAnimalHealth","DataThermostatsUse","DataQualitySoil","DataCorporateAreaNetworks","DataPressureTiresVehicle","DataMonitoringPlantations","DataSecurityCameras","DataConditionElderly","DataUseLights","DataSmartBeds","DataSleepMonitoring","DataPhysicalExercises","DataHumiditySoil","DataAirPressure","DataAutomationLighting","DataVehicleFuelConsumption"
"67","DataEnvironmentalBrightness","DataPhysiologicalSigns","DataDisasterAlerts","DataEnvironmentalTemperature","DataHouseTemperature","DataVehicleEngine","DataRelativeHumidityAir","DataDangerousGoods","DataVideoSurveillance","DataVitalFunctionsMonitoring","DataIrrigation","DataSmartSensing","DataAnimalHealth","DataThermostatsUse","DataQualitySoil","DataCorporateAreaNetworks","DataPressureTiresVehicle","DataMonitoringPlantations","DataSecurityCameras","DataConditionElderly","DataUseLights","DataSmartBeds","DataSleepMonitoring","DataPhysicalExercises","DataHumiditySoil","DataAirPressure","DataAutomationLighting","DataVehicleFuelConsumption"
"68","DataEnvironmentalBrightness","DataPhysiologicalSigns","DataDisasterAlerts","DataEnvironmentalTemperature","DataHouseTemperature","DataVehicleEngine","DataRelativeHumidityAir","DataDangerousGoods","DataVitalFunctionsMonitoring","DataIrrigation","DataSmartSensing","DataAnimalHealth","DataThermostatsUse","DataQualitySoil","DataCorporateAreaNetworks","DataPressureTiresVehicle","DataMonitoringPlantations","DataConditionElderly","DataUseLights","DataSmartBeds","DataSleepMonitoring","DataPhysicalExercises","DataHumiditySoil","DataAirPressure","DataAutomationLighting"
"69","DataEnvironmentalBrightness","DataPhysiologicalSigns","DataVitalFunctionsMonitoring","DataIrrigation","DataSmartSensing","DataDisasterAlerts","DataAnimalHealth","DataThermostatsUse","DataQualitySoil","DataEnvironmentalTemperature","DataHouseTemperature","DataVehicleEngine","DataMonitoringPlantations","DataRelativeHumidityAir","DataConditionElderly","DataUseLights","DataSleepMonitoring","DataHumiditySoil","DataAirPressure","DataAutomationLighting"
"70","DataEnvironmentalBrightness","DataPhysiologicalSigns","DataEnvironmentalTemperature","DataHouseTemperature","DataVehicleEngine","DataRelativeHumidityAir","DataDangerousGoods","DataVideoSurveillance","DataVitalFunctionsMonitoring","DataIrrigation","DataSmartSensing","DataAnimalHealth","DataThermostatsUse","DataQualitySoil","DataCorporateAreaNetworks","DataPressureTiresVehicle","DataMonitoringPlantations","DataSecurityCameras","DataConditionElderly","DataUseLights","DataSmartBeds","DataSleepMonitoring","DataPhysicalExercises","DataHumiditySoil","DataAirPressure","DataAutomationLighting","DataVehicleFuelConsumption"
"71","DataEnvironmentalBrightness","DataPhysiologicalSigns","DataDisasterAlerts","DataEnvironmentalTemperature","DataHouseTemperature","DataVehicleEngine","DataRelativeHumidityAir","DataDangerousGoods","DataVitalFunctionsMonitoring","DataIrrigation","DataSmartSensing","DataAnimalHealth","DataThermostatsUse","DataQualitySoil","DataCorporateAreaNetworks","DataPressureTiresVehicle","DataMonitoringPlantations","DataConditionElderly","DataUseLights","DataSmartBeds","DataSleepMonitoring","DataPhysicalExercises","DataHumiditySoil","DataAirPressure","DataAutomationLighting"
"72","DataEnvironmentalBrightness","DataPhysiologicalSigns","DataDisasterAlerts","DataEnvironmentalTemperature","DataHouseTemperature","DataVehicleEngine","DataRelativeHumidityAir","DataDangerousGoods","DataVitalFunctionsMonitoring","DataIrrigation","DataSmartSensing","DataAnimalHealth","DataThermostatsUse","DataQualitySoil","DataCorporateAreaNetworks","DataPressureTiresVehicle","DataMonitoringPlantations","DataConditionElderly","DataUseLights","DataSmartBeds","DataSleepMonitoring","DataPhysicalExercises","DataHumiditySoil","DataAirPressure","DataAutomationLighting"
"73","DataEnvironmentalBrightness","DataPhysiologicalSigns","DataDisasterAlerts","DataEnvironmentalTemperature","DataHouseTemperature","DataVehicleEngine","DataRelativeHumidityAir","DataDangerousGoods","DataVitalFunctionsMonitoring","DataIrrigation","DataSmartSensing","DataAnimalHealth","DataThermostatsUse","DataQualitySoil","DataCorporateAreaNetworks","DataPressureTiresVehicle","DataMonitoringPlantations","DataConditionElderly","DataUseLights","DataSmartBeds","DataSleepMonitoring","DataPhysicalExercises","DataHumiditySoil","DataAirPressure","DataAutomationLighting"
"74","DataTrafficCongestion","DataCommunicationVehicleVehicle","DataQualityProduct","DataCommunicationVehicleInfrastructure","DataVehicleStops","DataProductsLocation","DataVehicleEngine","DataIndustrialManagement","DataVehicleLocation","DataSpeedVehicles","DataDangerousGoods","DataPresence","DataDoor","DataStockLevel","DataSmartSensing","DataDistanceOtherVehicles","DataVehicleSpeedControl","DataPressureTiresVehicle","DataHouseLocation","DataIndustrialProduction","DataCellPhoneUsage","DataConditionElderly","DataPhysicalExercises","DataAirPressure","DataAutomationLighting","DataVehicleFuelConsumption","DataRealTimeLocation"
"75","DataTrafficCongestion","DataCommunicationVehicleVehicle","DataQualityProduct","DataCommunicationVehicleInfrastructure","DataVehicleStops","DataProductsLocation","DataVehicleEngine","DataIndustrialManagement","DataVehicleLocation","DataSpeedVehicles","DataDangerousGoods","DataPresence","DataDoor","DataStockLevel","DataSmartSensing","DataDistanceOtherVehicles","DataVehicleSpeedControl","DataHouseLocation","DataIndustrialProduction","DataCellPhoneUsage","DataConditionElderly","DataPhysicalExercises","DataAutomationLighting","DataVehicleFuelConsumption","DataRealTimeLocation"
"76","DataTrafficCongestion","DataQualityProduct","DataCommunicationVehicleInfrastructure","DataVehicleStops","DataProductsLocation","DataVehicleEngine","DataIndustrialManagement","DataSpeedVehicles","DataVehicleLocation","DataDangerousGoods","DataPresence","DataDoor","DataStockLevel","DataSmartSensing","DataDistanceOtherVehicles","DataVehicleSpeedControl","DataHouseLocation","DataIndustrialProduction","DataCellPhoneUsage","DataConditionElderly","DataPhysicalExercises","DataAutomationLighting","DataVehicleFuelConsumption","DataRealTimeLocation"
"77","DataCommunicationVehicleVehicle","DataQualityProduct","DataCommunicationVehicleInfrastructure","DataVehicleStops","DataProductsLocation","DataVehicleEngine","DataIndustrialManagement","DataVehicleLocation","DataSpeedVehicles","DataDangerousGoods","DataPresence","DataDoor","DataStockLevel","DataDistanceOtherVehicles","DataVehicleSpeedControl","DataPressureTiresVehicle","DataHouseLocation","DataIndustrialProduction","DataCellPhoneUsage","DataPhysicalExercises","DataAirPressure","DataVehicleFuelConsumption","DataRealTimeLocation"
"78","DataTrafficCongestion","DataQualityProduct","DataCommunicationVehicleInfrastructure","DataVehicleStops","DataProductsLocation","DataVehicleEngine","DataIndustrialManagement","DataSpeedVehicles","DataVehicleLocation","DataDangerousGoods","DataPresence","DataDoor","DataStockLevel","DataSmartSensing","DataDistanceOtherVehicles","DataVehicleSpeedControl","DataHouseLocation","DataIndustrialProduction","DataCellPhoneUsage","DataConditionElderly","DataPhysicalExercises","DataAutomationLighting","DataVehicleFuelConsumption","DataRealTimeLocation"
"79","DataTrafficCongestion","DataQualityProduct","DataCommunicationVehicleInfrastructure","DataVehicleStops","DataProductsLocation","DataVehicleEngine","DataIndustrialManagement","DataSpeedVehicles","DataVehicleLocation","DataDangerousGoods","DataPresence","DataDoor","DataStockLevel","DataSmartSensing","DataDistanceOtherVehicles","DataVehicleSpeedControl","DataHouseLocation","DataIndustrialProduction","DataCellPhoneUsage","DataConditionElderly","DataPhysicalExercises","DataAutomationLighting","DataVehicleFuelConsumption","DataRealTimeLocation"
"80","DataTrafficCongestion","DataCommunicationVehicleVehicle","DataQualityProduct","DataCommunicationVehicleInfrastructure","DataVehicleStops","DataProductsLocation","DataVehicleEngine","DataIndustrialManagement","DataVehicleLocation","DataSpeedVehicles","DataDangerousGoods","DataPresence","DataDoor","DataStockLevel","DataSmartSensing","DataDistanceOtherVehicles","DataVehicleSpeedControl","DataHouseLocation","DataIndustrialProduction","DataCellPhoneUsage","DataConditionElderly","DataPhysicalExercises","DataAutomationLighting","DataVehicleFuelConsumption","DataRealTimeLocation"
"81","DataStockLevel","DataSmartSensing","DataQualityProduct","DataDistanceOtherVehicles","DataVehicleSpeedControl","DataVehicleStops","DataProductsLocation","DataVehicleEngine","DataHouseLocation","DataIndustrialManagement","DataIndustrialProduction","DataCellPhoneUsage","DataSpeedVehicles","DataVehicleLocation","DataDangerousGoods","DataPhysicalExercises","DataPresence","DataAutomationLighting","DataDoor","DataVehicleFuelConsumption","DataRealTimeLocation"
"82","DataTrafficCongestion","DataCommunicationVehicleVehicle","DataQualityProduct","DataDistanceOtherVehicles","DataCommunicationVehicleInfrastructure","DataVehicleSpeedControl","DataVehicleStops","DataProductsLocation","DataVehicleEngine","DataHouseLocation","DataIndustrialManagement","DataIndustrialProduction","DataCellPhoneUsage","DataVehicleLocation","DataSpeedVehicles","DataDangerousGoods","DataPhysicalExercises","DataPresence","DataDoor","DataVehicleFuelConsumption","DataRealTimeLocation"
"83","DataTrafficCongestion","DataCommunicationVehicleVehicle","DataQualityProduct","DataCommunicationVehicleInfrastructure","DataVehicleStops","DataProductsLocation","DataVehicleEngine","DataIndustrialManagement","DataVehicleLocation","DataSpeedVehicles","DataDangerousGoods","DataPresence","DataDoor","DataStockLevel","DataDistanceOtherVehicles","DataVehicleSpeedControl","DataPressureTiresVehicle","DataHouseLocation","DataIndustrialProduction","DataCellPhoneUsage","DataPhysicalExercises","DataAirPressure","DataAutomationLighting","DataVehicleFuelConsumption","DataRealTimeLocation"
"84","DataTrafficCongestion","DataCommunicationVehicleVehicle","DataQualityProduct","DataCommunicationVehicleInfrastructure","DataVehicleStops","DataProductsLocation","DataVehicleEngine","DataIndustrialManagement","DataVehicleLocation","DataSpeedVehicles","DataDangerousGoods","DataPresence","DataDoor","DataStockLevel","DataDistanceOtherVehicles","DataVehicleSpeedControl","DataPressureTiresVehicle","DataHouseLocation","DataIndustrialProduction","DataCellPhoneUsage","DataPhysicalExercises","DataAirPressure","DataAutomationLighting","DataVehicleFuelConsumption","DataRealTimeLocation"
"85","DataQualityProduct","DataVehicleStops","DataProductsLocation","DataVehicleEngine","DataIndustrialManagement","DataSpeedVehicles","DataVehicleLocation","DataDangerousGoods","DataPresence","DataDoor","DataStockLevel","DataSmartSensing","DataDistanceOtherVehicles","DataVehicleSpeedControl","DataPressureTiresVehicle","DataHouseLocation","DataIndustrialProduction","DataCellPhoneUsage","DataConditionElderly","DataPhysicalExercises","DataAirPressure","DataAutomationLighting","DataVehicleFuelConsumption","DataRealTimeLocation"
"86","DataPublicTransportationSystem","DataTrafficCongestion","DataPhysiologicalSigns","DataCommunicationVehicleVehicle","DataIntrusionDetection","DataUserHabits","DataCommunicationVehicleInfrastructure","DataSecurityAlarms","DataVehicleStops","DataMonitoringCamera","DataIrrigationAutomation","DataProductsLocation","DataVehicleEngine","DataIndustrialManagement","DataResidentialMovement","DataCrowdsPeople","DataVehicleLocation","DataSpeedVehicles","DataDangerousGoods","DataPresence","DataDoor","DataParkingAvailableSpaces","DataVitalFunctionsMonitoring","DataIrrigation","DataStockLevel","DataSmartSensing","DataAnimalHealth","DataDistanceOtherVehicles","DataAccessManagement","DataVehicleSpeedControl","DataCorporateAreaNetworks","DataPressureTiresVehicle","DataVehicleDriverPresence","DataMonitoringPlantations","DataHouseLocation","DataIndustrialProduction","DataCellPhoneUsage","DataConditionElderly","DataSmartBeds","DataSleepMonitoring","DataPhysicalExercises","DataAirPressure","DataAutomationLighting","DataVehicleFuelConsumption","DataRealTimeLocation"
"87","DataPublicTransportationSystem","DataTrafficCongestion","DataPhysiologicalSigns","DataCommunicationVehicleVehicle","DataIntrusionDetection","DataUserHabits","DataCommunicationVehicleInfrastructure","DataSecurityAlarms","DataVehicleStops","DataMonitoringCamera","DataIrrigationAutomation","DataProductsLocation","DataVehicleEngine","DataIndustrialManagement","DataResidentialMovement","DataCrowdsPeople","DataVehicleLocation","DataSpeedVehicles","DataDangerousGoods","DataPresence","DataDoor","DataParkingAvailableSpaces","DataVitalFunctionsMonitoring","DataIrrigation","DataStockLevel","DataSmartSensing","DataAnimalHealth","DataDistanceOtherVehicles","DataAccessManagement","DataVehicleSpeedControl","DataCorporateAreaNetworks","DataPressureTiresVehicle","DataVehicleDriverPresence","DataMonitoringPlantations","DataHouseLocation","DataIndustrialProduction","DataCellPhoneUsage","DataConditionElderly","DataSmartBeds","DataSleepMonitoring","DataPhysicalExercises","DataAirPressure","DataAutomationLighting","DataVehicleFuelConsumption","DataRealTimeLocation"
"88","DataPublicTransportationSystem","DataTrafficCongestion","DataPhysiologicalSigns","DataCommunicationVehicleVehicle","DataIntrusionDetection","DataUserHabits","DataCommunicationVehicleInfrastructure","DataSecurityAlarms","DataVehicleStops","DataMonitoringCamera","DataIrrigationAutomation","DataProductsLocation","DataVehicleEngine","DataIndustrialManagement","DataResidentialMovement","DataCrowdsPeople","DataVehicleLocation","DataSpeedVehicles","DataDangerousGoods","DataPresence","DataParkingAvailableSpaces","DataVitalFunctionsMonitoring","DataIrrigation","DataStockLevel","DataSmartSensing","DataAnimalHealth","DataDistanceOtherVehicles","DataAccessManagement","DataVehicleSpeedControl","DataCorporateAreaNetworks","DataPressureTiresVehicle","DataVehicleDriverPresence","DataMonitoringPlantations","DataIndustrialProduction","DataCellPhoneUsage","DataConditionElderly","DataSmartBeds","DataSleepMonitoring","DataPhysicalExercises","DataAirPressure","DataAutomationLighting","DataRealTimeLocation","DataVehicleFuelConsumption"
"89","DataPublicTransportationSystem","DataTrafficCongestion","DataPhysiologicalSigns","DataCommunicationVehicleVehicle","DataIntrusionDetection","DataCommunicationVehicleInfrastructure","DataVehicleStops","DataMonitoringCamera","DataVehicleEngine","DataIndustrialManagement","DataResidentialMovement","DataCrowdsPeople","DataVehicleLocation","DataSpeedVehicles","DataDangerousGoods","DataPresence","DataParkingAvailableSpaces","DataVitalFunctionsMonitoring","DataIrrigation","DataStockLevel","DataSmartSensing","DataAnimalHealth","DataDistanceOtherVehicles","DataAccessManagement","DataVehicleSpeedControl","DataCorporateAreaNetworks","DataVehicleDriverPresence","DataPressureTiresVehicle","DataMonitoringPlantations","DataConditionElderly","DataSmartBeds","DataSleepMonitoring","DataPhysicalExercises","DataAirPressure","DataVehicleFuelConsumption"
"90","DataPublicTransportationSystem","DataTrafficCongestion","DataCommunicationVehicleVehicle","DataCommunicationVehicleInfrastructure","DataVehicleStops","DataProductsLocation","DataVehicleEngine","DataIndustrialManagement","DataVehicleLocation","DataSpeedVehicles","DataPresence","DataDoor","DataParkingAvailableSpaces","DataStockLevel","DataDistanceOtherVehicles","DataVehicleSpeedControl","DataPressureTiresVehicle","DataHouseLocation","DataIndustrialProduction","DataCellPhoneUsage","DataPhysicalExercises","DataAirPressure","DataVehicleFuelConsumption","DataRealTimeLocation"
"91","DataPublicTransportationSystem","DataTrafficCongestion","DataPhysiologicalSigns","DataCommunicationVehicleVehicle","DataIntrusionDetection","DataUserHabits","DataCommunicationVehicleInfrastructure","DataSecurityAlarms","DataVehicleStops","DataMonitoringCamera","DataIrrigationAutomation","DataProductsLocation","DataVehicleEngine","DataIndustrialManagement","DataResidentialMovement","DataCrowdsPeople","DataVehicleLocation","DataSpeedVehicles","DataDangerousGoods","DataPresence","DataDoor","DataParkingAvailableSpaces","DataVitalFunctionsMonitoring","DataIrrigation","DataSmartSensing","DataAnimalHealth","DataDistanceOtherVehicles","DataAccessManagement","DataVehicleSpeedControl","DataCorporateAreaNetworks","DataPressureTiresVehicle","DataVehicleDriverPresence","DataMonitoringPlantations","DataHouseLocation","DataIndustrialProduction","DataCellPhoneUsage","DataConditionElderly","DataSmartBeds","DataSleepMonitoring","DataPhysicalExercises","DataAirPressure","DataAutomationLighting","DataVehicleFuelConsumption","DataRealTimeLocation"
"92","DataPublicTransportationSystem","DataTrafficCongestion","DataPhysiologicalSigns","DataCommunicationVehicleVehicle","DataIntrusionDetection","DataUserHabits","DataCommunicationVehicleInfrastructure","DataSecurityAlarms","DataVehicleStops","DataMonitoringCamera","DataIrrigationAutomation","DataProductsLocation","DataVehicleEngine","DataResidentialMovement","DataCrowdsPeople","DataVehicleLocation","DataSpeedVehicles","DataDangerousGoods","DataPresence","DataDoor","DataParkingAvailableSpaces","DataVitalFunctionsMonitoring","DataIrrigation","DataStockLevel","DataSmartSensing","DataAnimalHealth","DataDistanceOtherVehicles","DataAccessManagement","DataVehicleSpeedControl","DataCorporateAreaNetworks","DataPressureTiresVehicle","DataVehicleDriverPresence","DataMonitoringPlantations","DataHouseLocation","DataIndustrialProduction","DataCellPhoneUsage","DataConditionElderly","DataSmartBeds","DataSleepMonitoring","DataPhysicalExercises","DataAirPressure","DataAutomationLighting","DataVehicleFuelConsumption","DataRealTimeLocation"
"93","DataPhysiologicalSigns","DataCommunicationVehicleVehicle","DataIntrusionDetection","DataUserHabits","DataCommunicationVehicleInfrastructure","DataSecurityAlarms","DataVehicleStops","DataMonitoringCamera","DataIrrigationAutomation","DataProductsLocation","DataVehicleEngine","DataIndustrialManagement","DataResidentialMovement","DataCrowdsPeople","DataVehicleLocation","DataSpeedVehicles","DataDangerousGoods","DataPresence","DataVitalFunctionsMonitoring","DataIrrigation","DataStockLevel","DataSmartSensing","DataAnimalHealth","DataDistanceOtherVehicles","DataAccessManagement","DataVehicleSpeedControl","DataCorporateAreaNetworks","DataPressureTiresVehicle","DataVehicleDriverPresence","DataMonitoringPlantations","DataHouseLocation","DataIndustrialProduction","DataCellPhoneUsage","DataConditionElderly","DataSmartBeds","DataSleepMonitoring","DataPhysicalExercises","DataAirPressure","DataAutomationLighting","DataVehicleFuelConsumption","DataRealTimeLocation"
"94","DataPublicTransportationSystem","DataTrafficCongestion","DataCommunicationVehicleVehicle","DataIntrusionDetection","DataUserHabits","DataCommunicationVehicleInfrastructure","DataSecurityAlarms","DataVehicleStops","DataIrrigationAutomation","DataProductsLocation","DataVehicleEngine","DataIndustrialManagement","DataResidentialMovement","DataCrowdsPeople","DataVehicleLocation","DataSpeedVehicles","DataPresence","DataParkingAvailableSpaces","DataSmartSensing","DataDistanceOtherVehicles","DataVehicleSpeedControl","DataPressureTiresVehicle","DataVehicleDriverPresence","DataHouseLocation","DataIndustrialProduction","DataCellPhoneUsage","DataPhysicalExercises","DataAirPressure","DataAutomationLighting","DataVehicleFuelConsumption","DataRealTimeLocation"
"95","DataPublicTransportationSystem","DataTrafficCongestion","DataPhysiologicalSigns","DataCommunicationVehicleVehicle","DataIntrusionDetection","DataUserHabits","DataCommunicationVehicleInfrastructure","DataSecurityAlarms","DataVehicleStops","DataMonitoringCamera","DataIrrigationAutomation","DataProductsLocation","DataVehicleEngine","DataIndustrialManagement","DataResidentialMovement","DataCrowdsPeople","DataVehicleLocation","DataSpeedVehicles","DataDangerousGoods","DataPresence","DataDoor","DataParkingAvailableSpaces","DataVitalFunctionsMonitoring","DataIrrigation","DataSmartSensing","DataAnimalHealth","DataDistanceOtherVehicles","DataAccessManagement","DataVehicleSpeedControl","DataCorporateAreaNetworks","DataPressureTiresVehicle","DataVehicleDriverPresence","DataMonitoringPlantations","DataHouseLocation","DataIndustrialProduction","DataCellPhoneUsage","DataConditionElderly","DataSmartBeds","DataSleepMonitoring","DataPhysicalExercises","DataAirPressure","DataAutomationLighting","DataVehicleFuelConsumption","DataRealTimeLocation"
"96","DataPublicTransportationSystem","DataTrafficCongestion","DataPhysiologicalSigns","DataCommunicationVehicleVehicle","DataIntrusionDetection","DataUserHabits","DataCommunicationVehicleInfrastructure","DataSecurityAlarms","DataVehicleStops","DataMonitoringCamera","DataIrrigationAutomation","DataProductsLocation","DataVehicleEngine","DataResidentialMovement","DataCrowdsPeople","DataVehicleLocation","DataSpeedVehicles","DataDangerousGoods","DataPresence","DataDoor","DataParkingAvailableSpaces","DataVitalFunctionsMonitoring","DataIrrigation","DataStockLevel","DataSmartSensing","DataAnimalHealth","DataDistanceOtherVehicles","DataAccessManagement","DataVehicleSpeedControl","DataCorporateAreaNetworks","DataPressureTiresVehicle","DataVehicleDriverPresence","DataMonitoringPlantations","DataHouseLocation","DataIndustrialProduction","DataCellPhoneUsage","DataConditionElderly","DataSmartBeds","DataSleepMonitoring","DataPhysicalExercises","DataAirPressure","DataAutomationLighting","DataVehicleFuelConsumption","DataRealTimeLocation"
"97","DataPublicTransportationSystem","DataTrafficCongestion","DataPhysiologicalSigns","DataCommunicationVehicleVehicle","DataIntrusionDetection","DataUserHabits","DataCommunicationVehicleInfrastructure","DataSecurityAlarms","DataVehicleStops","DataMonitoringCamera","DataIrrigationAutomation","DataProductsLocation","DataVehicleEngine","DataIndustrialManagement","DataResidentialMovement","DataCrowdsPeople","DataVehicleLocation","DataSpeedVehicles","DataDangerousGoods","DataPresence","DataDoor","DataParkingAvailableSpaces","DataVitalFunctionsMonitoring","DataIrrigation","DataStockLevel","DataSmartSensing","DataAnimalHealth","DataDistanceOtherVehicles","DataAccessManagement","DataVehicleSpeedControl","DataCorporateAreaNetworks","DataPressureTiresVehicle","DataVehicleDriverPresence","DataMonitoringPlantations","DataHouseLocation","DataIndustrialProduction","DataCellPhoneUsage","DataConditionElderly","DataSmartBeds","DataSleepMonitoring","DataPhysicalExercises","DataAirPressure","DataAutomationLighting","DataVehicleFuelConsumption","DataRealTimeLocation"
"98","DataPhysiologicalSigns","DataVitalFunctionsMonitoring","DataIrrigation","DataUserHabits","DataSmartSensing","DataAnimalHealth","DataVehicleSpeedControl","DataVehicleStops","DataCorporateAreaNetworks","DataProductsLocation","DataMonitoringPlantations","DataIndustrialProduction","DataCellPhoneUsage","DataSpeedVehicles","DataVehicleLocation","DataConditionElderly","DataSmartBeds","DataDangerousGoods","DataSleepMonitoring","DataPhysicalExercises","DataRealTimeLocation"
"99","DataPhysiologicalSigns","DataVitalFunctionsMonitoring","DataIrrigation","DataUserHabits","DataSmartSensing","DataAnimalHealth","DataVehicleSpeedControl","DataVehicleStops","DataCorporateAreaNetworks","DataProductsLocation","DataMonitoringPlantations","DataIndustrialProduction","DataCellPhoneUsage","DataSpeedVehicles","DataVehicleLocation","DataConditionElderly","DataSmartBeds","DataDangerousGoods","DataSleepMonitoring","DataPhysicalExercises","DataRealTimeLocation"
"100","DataPhysiologicalSigns","DataVitalFunctionsMonitoring","DataIrrigation","DataUserHabits","DataSmartSensing","DataAnimalHealth","DataVehicleSpeedControl","DataVehicleStops","DataCorporateAreaNetworks","DataProductsLocation","DataMonitoringPlantations","DataIndustrialProduction","DataCellPhoneUsage","DataSpeedVehicles","DataVehicleLocation","DataConditionElderly","DataSmartBeds","DataDangerousGoods","DataSleepMonitoring","DataPhysicalExercises","DataRealTimeLocation"
"101","DataPhysiologicalSigns","DataVitalFunctionsMonitoring","DataUserHabits","DataSmartSensing","DataAnimalHealth","DataVehicleSpeedControl","DataVehicleStops","DataProductsLocation","DataIndustrialProduction","DataCellPhoneUsage","DataSpeedVehicles","DataVehicleLocation","DataConditionElderly","DataSleepMonitoring","DataPhysicalExercises","DataRealTimeLocation"
"102","DataPhysiologicalSigns","DataVitalFunctionsMonitoring","DataIrrigation","DataUserHabits","DataSmartSensing","DataAnimalHealth","DataVehicleSpeedControl","DataVehicleStops","DataCorporateAreaNetworks","DataProductsLocation","DataMonitoringPlantations","DataIndustrialProduction","DataCellPhoneUsage","DataSpeedVehicles","DataVehicleLocation","DataConditionElderly","DataSmartBeds","DataDangerousGoods","DataSleepMonitoring","DataPhysicalExercises","DataRealTimeLocation"
"103","DataPhysiologicalSigns","DataVitalFunctionsMonitoring","DataIrrigation","DataUserHabits","DataSmartSensing","DataAnimalHealth","DataVehicleSpeedControl","DataVehicleStops","DataCorporateAreaNetworks","DataProductsLocation","DataMonitoringPlantations","DataCellPhoneUsage","DataSpeedVehicles","DataVehicleLocation","DataConditionElderly","DataSmartBeds","DataDangerousGoods","DataSleepMonitoring","DataPhysicalExercises","DataRealTimeLocation"
"104","DataPhysiologicalSigns","DataVitalFunctionsMonitoring","DataIrrigation","DataSmartSensing","DataAnimalHealth","DataVehicleSpeedControl","DataVehicleStops","DataCorporateAreaNetworks","DataProductsLocation","DataMonitoringPlantations","DataIndustrialProduction","DataCellPhoneUsage","DataSpeedVehicles","DataVehicleLocation","DataConditionElderly","DataSmartBeds","DataDangerousGoods","DataSleepMonitoring","DataPhysicalExercises","DataRealTimeLocation"
"105","DataPhysiologicalSigns","DataVitalFunctionsMonitoring","DataIrrigation","DataUserHabits","DataSmartSensing","DataAnimalHealth","DataVehicleSpeedControl","DataVehicleStops","DataCorporateAreaNetworks","DataProductsLocation","DataMonitoringPlantations","DataIndustrialProduction","DataCellPhoneUsage","DataSpeedVehicles","DataVehicleLocation","DataConditionElderly","DataSmartBeds","DataDangerousGoods","DataSleepMonitoring","DataPhysicalExercises","DataRealTimeLocation"
"106","DataPhysiologicalSigns","DataVitalFunctionsMonitoring","DataIrrigation","DataUserHabits","DataSmartSensing","DataAnimalHealth","DataVehicleSpeedControl","DataVehicleStops","DataCorporateAreaNetworks","DataProductsLocation","DataMonitoringPlantations","DataIndustrialProduction","DataCellPhoneUsage","DataSpeedVehicles","DataVehicleLocation","DataConditionElderly","DataSmartBeds","DataDangerousGoods","DataSleepMonitoring","DataPhysicalExercises","DataRealTimeLocation"
"107","DataPhysiologicalSigns","DataVitalFunctionsMonitoring","DataIrrigation","DataUserHabits","DataSmartSensing","DataAnimalHealth","DataVehicleSpeedControl","DataVehicleStops","DataCorporateAreaNetworks","DataProductsLocation","DataMonitoringPlantations","DataIndustrialProduction","DataCellPhoneUsage","DataSpeedVehicles","DataVehicleLocation","DataConditionElderly","DataSmartBeds","DataDangerousGoods","DataSleepMonitoring","DataPhysicalExercises","DataRealTimeLocation"
"108","DataPhysiologicalSigns","DataVitalFunctionsMonitoring","DataIrrigation","DataUserHabits","DataSmartSensing","DataAnimalHealth","DataVehicleSpeedControl","DataVehicleStops","DataCorporateAreaNetworks","DataProductsLocation","DataMonitoringPlantations","DataIndustrialProduction","DataCellPhoneUsage","DataSpeedVehicles","DataVehicleLocation","DataConditionElderly","DataSmartBeds","DataDangerousGoods","DataSleepMonitoring","DataPhysicalExercises","DataRealTimeLocation"
"109","DataPhysiologicalSigns","DataVitalFunctionsMonitoring","DataUserHabits","DataAnimalHealth","DataVehicleStops","DataProductsLocation","DataIndustrialProduction","DataCellPhoneUsage","DataSpeedVehicles","DataVehicleLocation","DataConditionElderly","DataSleepMonitoring","DataPhysicalExercises","DataRealTimeLocation"
"110","DataPhysiologicalSigns","DataIntrusionDetection","DataUserHabits","DataUseLaptops","DataPCsUsage","DataMonitoringCamera","DataResidentialMovement","DataCrowdsPeople","DataSpeedVehicles","DataDangerousGoods","DataPresence","DataVideoSurveillance","DataVitalFunctionsMonitoring","DataFacialRecognitionSmartCameras","DataIrrigation","DataSmartSensing","DataAnimalHealth","DataAccessManagement","DataVehicleSpeedControl","DataCorporateAreaNetworks","DataVehicleDriverPresence","DataMonitoringPlantations","DataCellPhoneUsage","DataSecurityCameras","DataConditionElderly","DataSmartBeds","DataSleepMonitoring","DataPhysicalExercises"
"111","DataPhysiologicalSigns","DataVideoSurveillance","DataVitalFunctionsMonitoring","DataFacialRecognitionSmartCameras","DataUserHabits","DataSmartSensing","DataAnimalHealth","DataUseLaptops","DataPCsUsage","DataCorporateAreaNetworks","DataMonitoringCamera","DataCellPhoneUsage","DataSecurityCameras","DataConditionElderly","DataSmartBeds","DataSleepMonitoring"
"112","DataPhysiologicalSigns","DataVideoSurveillance","DataVitalFunctionsMonitoring","DataFacialRecognitionSmartCameras","DataUserHabits","DataSmartSensing","DataAnimalHealth","DataUseLaptops","DataPCsUsage","DataCorporateAreaNetworks","DataMonitoringCamera","DataCellPhoneUsage","DataSecurityCameras","DataConditionElderly","DataSmartBeds","DataSleepMonitoring"
"113","DataPhysiologicalSigns","DataVideoSurveillance","DataVitalFunctionsMonitoring","DataFacialRecognitionSmartCameras","DataUserHabits","DataSmartSensing","DataAnimalHealth","DataUseLaptops","DataPCsUsage","DataCorporateAreaNetworks","DataMonitoringCamera","DataCellPhoneUsage","DataSecurityCameras","DataConditionElderly","DataSmartBeds","DataSleepMonitoring"
"114","DataPhysiologicalSigns","DataVideoSurveillance","DataVitalFunctionsMonitoring","DataFacialRecognitionSmartCameras","DataUserHabits","DataSmartSensing","DataAnimalHealth","DataUseLaptops","DataPCsUsage","DataCorporateAreaNetworks","DataMonitoringCamera","DataCellPhoneUsage","DataSecurityCameras","DataConditionElderly","DataSmartBeds","DataSleepMonitoring"
"115","DataPhysiologicalSigns","DataVideoSurveillance","DataVitalFunctionsMonitoring","DataFacialRecognitionSmartCameras","DataUserHabits","DataSmartSensing","DataAnimalHealth","DataUseLaptops","DataPCsUsage","DataCorporateAreaNetworks","DataMonitoringCamera","DataCellPhoneUsage","DataSecurityCameras","DataConditionElderly","DataSmartBeds","DataSleepMonitoring"
"116","DataPhysiologicalSigns","DataIntrusionDetection","DataUseLaptops","DataPCsUsage","DataMonitoringCamera","DataResidentialMovement","DataCrowdsPeople","DataSpeedVehicles","DataPresence","DataVideoSurveillance","DataVitalFunctionsMonitoring","DataFacialRecognitionSmartCameras","DataSmartSensing","DataAnimalHealth","DataAccessManagement","DataVehicleSpeedControl","DataCorporateAreaNetworks","DataVehicleDriverPresence","DataMonitoringPlantations","DataCellPhoneUsage","DataSecurityCameras","DataConditionElderly","DataSmartBeds","DataSleepMonitoring","DataPhysicalExercises"
"117","DataPhysiologicalSigns","DataIntrusionDetection","DataUseLaptops","DataPCsUsage","DataMonitoringCamera","DataResidentialMovement","DataCrowdsPeople","DataSpeedVehicles","DataDangerousGoods","DataPresence","DataVideoSurveillance","DataVitalFunctionsMonitoring","DataFacialRecognitionSmartCameras","DataIrrigation","DataSmartSensing","DataAnimalHealth","DataAccessManagement","DataVehicleSpeedControl","DataCorporateAreaNetworks","DataVehicleDriverPresence","DataMonitoringPlantations","DataCellPhoneUsage","DataSecurityCameras","DataConditionElderly","DataSmartBeds","DataSleepMonitoring","DataPhysicalExercises"
"118","DataPhysiologicalSigns","DataIntrusionDetection","DataUserHabits","DataUseLaptops","DataPCsUsage","DataMonitoringCamera","DataResidentialMovement","DataCrowdsPeople","DataSpeedVehicles","DataDangerousGoods","DataPresence","DataVideoSurveillance","DataVitalFunctionsMonitoring","DataFacialRecognitionSmartCameras","DataIrrigation","DataSmartSensing","DataAnimalHealth","DataAccessManagement","DataVehicleSpeedControl","DataCorporateAreaNetworks","DataVehicleDriverPresence","DataMonitoringPlantations","DataCellPhoneUsage","DataSecurityCameras","DataConditionElderly","DataSmartBeds","DataSleepMonitoring","DataPhysicalExercises"
"119","DataPhysiologicalSigns","DataIntrusionDetection","DataUserHabits","DataUseLaptops","DataPCsUsage","DataMonitoringCamera","DataResidentialMovement","DataCrowdsPeople","DataSpeedVehicles","DataDangerousGoods","DataPresence","DataVideoSurveillance","DataVitalFunctionsMonitoring","DataFacialRecognitionSmartCameras","DataIrrigation","DataSmartSensing","DataAnimalHealth","DataAccessManagement","DataVehicleSpeedControl","DataCorporateAreaNetworks","DataVehicleDriverPresence","DataMonitoringPlantations","DataCellPhoneUsage","DataSecurityCameras","DataConditionElderly","DataSmartBeds","DataSleepMonitoring","DataPhysicalExercises"
"120","DataPhysiologicalSigns","DataIntrusionDetection","DataUserHabits","DataMonitoringCamera","DataResidentialMovement","DataCrowdsPeople","DataSpeedVehicles","DataDangerousGoods","DataPresence","DataVideoSurveillance","DataVitalFunctionsMonitoring","DataFacialRecognitionSmartCameras","DataIrrigation","DataSmartSensing","DataAnimalHealth","DataAccessManagement","DataVehicleSpeedControl","DataCorporateAreaNetworks","DataVehicleDriverPresence","DataMonitoringPlantations","DataSecurityCameras","DataConditionElderly","DataSmartBeds","DataSleepMonitoring","DataPhysicalExercises"
"121","DataPhysiologicalSigns","DataIntrusionDetection","DataUseLaptops","DataPCsUsage","DataMonitoringCamera","DataResidentialMovement","DataCrowdsPeople","DataSpeedVehicles","DataDangerousGoods","DataPresence","DataVideoSurveillance","DataVitalFunctionsMonitoring","DataFacialRecognitionSmartCameras","DataIrrigation","DataSmartSensing","DataAnimalHealth","DataAccessManagement","DataVehicleSpeedControl","DataCorporateAreaNetworks","DataVehicleDriverPresence","DataMonitoringPlantations","DataCellPhoneUsage","DataSecurityCameras","DataConditionElderly","DataSmartBeds","DataSleepMonitoring","DataPhysicalExercises"
